{"Accels": [1.0113282342287735, 1.0124694335732918, 1.0033492436184326], "AccelBias": [0.21736725281060815, -0.008987645509169537, 0.1838152606457443], "GyroBias": [-0.007263882711245176, 0.036179595465542086, -0.008190676912349964], "Mags": [1.0, 1.0, 1.0], "MagBias": [0.0, 0.0, 0.0]}